Model,Accuracy (%),Top-5 Accuracy (%),Precision (Macro) (%),Recall (Macro) (%),F1-Score (Macro) (%),ROC-AUC (Macro),Cohen's Kappa,Avg Precision (Macro),Parameters,Model Size (MB),FLOPs (G),Inference Time (ms),Image Size
Baseline CNN,86.41171684296177,97.80309194467046,86.99431502202275,88.94599025457248,86.88238705920395,0.9971057607899695,0.8624394193371532,0.9446348607838418,11909894,45.432640075683594,23.093719808,37.42083657360155,224×224
ResNet50,97.96582587469487,99.51179820992677,97.61988415688606,97.53216913793632,97.42960048806017,0.9993563934776564,0.97939251342924,0.9944676530962854,24609446,93.8775863647461,4.132795392,23.376490644946927,224×224
EfficientNet-B3,98.94222945484134,99.75589910496339,99.02613137628205,98.8173927187768,98.85992319422186,0.999287188922765,0.9892837404219699,0.9980260593468963,11115918,42.40386199951172,1.826179856,27.297065741071087,300×300
