Model,Accuracy (%),Top-5 Accuracy (%),Precision (Macro) (%),Recall (Macro) (%),F1-Score (Macro) (%),ROC-AUC (Macro),Parameters,Inference Time (ms),Image Size
Baseline CNN,86.41171684296177,97.80309194467046,86.99431502202275,88.94599025457248,86.88238705920395,0.9971057607899695,11909894,29.87195652029784,224×224
ResNet50,97.96582587469487,99.51179820992677,97.61988415688606,97.53216913793632,97.42960048806017,0.9993563934776564,24609446,20.81697330521412,224×224
EfficientNet-B3,98.94222945484134,99.75589910496339,99.02613137628205,98.8173927187768,98.85992319422186,0.999287188922765,11115918,24.10155568693206,300×300
